<prezi xsi:schemaLocation="http://prezi.com/schema/prezi/2 http://prezi.com/schema/prezi/2" xmlns:xsi="http://www.w3.org/2001/XMLSchema-instance" version="2" xmlns="http://prezi.com/schema/prezi/2"><xFields><xField name="preziType"><xEnum type="PreziType" value="converted-from-core"/></xField></xFields><documentStyle><documentStyle><fontClasses><array><fontClass><fontFamily><string value="JosefinSlab"/></fontFamily><name><string value="body"/></name></fontClass><fontClass><fontFamily><string value="JosefinSlab"/></fontFamily><name><string value="custom-josefinslab"/></name></fontClass><fontClass><fontFamily><string value="Nunito"/></fontFamily><name><string value="custom-nunito"/></name></fontClass><fontClass><fontFamily><string value="Nunito"/></fontFamily><name><string value="head"/></name></fontClass><fontClass><fontFamily><string value="DancingScript"/></fontFamily><name><string value="strong"/></name></fontClass></array></fontClasses><fontFamilies><array><fontFamily><fontFaces><array><fontFace><fontSrc><string value="DancingScript.swf"/></fontSrc></fontFace><fontFace><fontSrc><string value="DancingScript-B.keg"/></fontSrc><fontWeight><fontWeight value="bold"/></fontWeight></fontFace><fontFace><fontSrc><string value="DancingScript-I.keg"/></fontSrc><fontStyle><fontStyle value="italic"/></fontStyle></fontFace><fontFace><fontSrc><string value="DancingScript-BI.keg"/></fontSrc><fontStyle><fontStyle value="italic"/></fontStyle><fontWeight><fontWeight value="bold"/></fontWeight></fontFace></array></fontFaces><name><string value="DancingScript"/></name></fontFamily><fontFamily><fontFaces><array><fontFace><fontSrc><string value="JosefinSlab.swf"/></fontSrc></fontFace><fontFace><fontSrc><string value="JosefinSlab.keg"/></fontSrc></fontFace><fontFace><fontSrc><string value="JosefinSlab-B.keg"/></fontSrc><fontWeight><fontWeight value="bold"/></fontWeight></fontFace><fontFace><fontSrc><string value="JosefinSlab-I.keg"/></fontSrc><fontStyle><fontStyle value="italic"/></fontStyle></fontFace><fontFace><fontSrc><string value="JosefinSlab-BI.keg"/></fontSrc><fontStyle><fontStyle value="italic"/></fontStyle><fontWeight><fontWeight value="bold"/></fontWeight></fontFace></array></fontFaces><name><string value="JosefinSlab"/></name></fontFamily><fontFamily><fontFaces><array><fontFace><fontSrc><string value="Nunito-Regular.keg"/></fontSrc></fontFace><fontFace><fontSrc><string value="Nunito.swf"/></fontSrc></fontFace><fontFace><fontSrc><string value="Nunito-BI.keg"/></fontSrc><fontStyle><fontStyle value="italic"/></fontStyle><fontWeight><fontWeight value="bold"/></fontWeight></fontFace><fontFace><fontSrc><string value="Nunito-B.keg"/></fontSrc><fontWeight><fontWeight value="bold"/></fontWeight></fontFace><fontFace><fontSrc><string value="Nunito-I.keg"/></fontSrc><fontStyle><fontStyle value="italic"/></fontStyle></fontFace></array></fontFaces><name><string value="Nunito"/></name></fontFamily></array></fontFamilies><styleDeclarations><array><styleDeclaration><styleBlock><styleBlock><gradEndAlpha><double value="0.7"/></gradEndAlpha><gradStartAlpha><double value="0.5"/></gradStartAlpha></styleBlock></styleBlock><styleSelector><simpleSelector value="zCircle"/></styleSelector></styleDeclaration><styleDeclaration><styleBlock><styleBlock><color><color value="#FE9FC8"/></color><fillType><fillType value="linear"/></fillType><gradEndAlpha><double value="1"/></gradEndAlpha><gradEndColor><color value="#FE9FC8"/></gradEndColor><gradStartAlpha><double value="1"/></gradStartAlpha><gradStartColor><color value="#FE9FC8"/></gradStartColor></styleBlock></styleBlock><styleSelector><simpleSelector value="*.line1"/></styleSelector></styleDeclaration><styleDeclaration><styleBlock><styleBlock><color><color value="#C18CBA"/></color><fillType><fillType value="linear"/></fillType><gradEndColor><color value="#C18CBA"/></gradEndColor><gradStartColor><color value="#C18CBA"/></gradStartColor></styleBlock></styleBlock><styleSelector><simpleSelector value="*.line2"/></styleSelector></styleDeclaration><styleDeclaration><styleBlock><styleBlock><color><color value="#6BE6E8"/></color><fillType><fillType value="linear"/></fillType><gradEndColor><color value="#6BE6E8"/></gradEndColor><gradStartColor><color value="#6BE6E8"/></gradStartColor></styleBlock></styleBlock><styleSelector><simpleSelector value="*.line3"/></styleSelector></styleDeclaration><styleDeclaration><styleBlock><styleBlock><color><color value="#75CD1D"/></color><fillType><fillType value="linear"/></fillType><gradEndColor><color value="#75CD1D"/></gradEndColor><gradStartColor><color value="#75CD1D"/></gradStartColor></styleBlock></styleBlock><styleSelector><simpleSelector value="*.line4"/></styleSelector></styleDeclaration><styleDeclaration><styleBlock><styleBlock><color><color value="#581B80"/></color><fillType><fillType value="linear"/></fillType><gradEndColor><color value="#581B80"/></gradEndColor><gradStartColor><color value="#581B80"/></gradStartColor></styleBlock></styleBlock><styleSelector><simpleSelector value="*.line5"/></styleSelector></styleDeclaration><styleDeclaration><styleBlock><styleBlock><borderAlpha><double value="1"/></borderAlpha><borderColor><color value="#FE9FC8"/></borderColor><borderThickness><double value="8"/></borderThickness><color><color value="#FFFEEC"/></color><fillType><fillType value="linear"/></fillType><gradEndColor><color value="#FFFFFF"/></gradEndColor><gradStartColor><color value="#FFFFFF"/></gradStartColor></styleBlock></styleBlock><styleSelector><simpleSelector value="*.poly1"/></styleSelector></styleDeclaration><styleDeclaration><styleBlock><styleBlock><borderColor><color value="#FE9FC8"/></borderColor><borderThickness><double value="0"/></borderThickness><fillType><fillType value="linear"/></fillType><gradEndColor><color value="#FE9FC8"/></gradEndColor><gradStartColor><color value="#FE9FC8"/></gradStartColor></styleBlock></styleBlock><styleSelector><simpleSelector value="*.poly2"/></styleSelector></styleDeclaration><styleDeclaration><styleBlock><styleBlock><borderColor><color value="#6BE6E8"/></borderColor><borderThickness><double value="8"/></borderThickness><color><color value="#FFFEEC"/></color><fillType><fillType value="linear"/></fillType><gradEndColor><color value="#FFFFFF"/></gradEndColor><gradStartColor><color value="#FFFFFF"/></gradStartColor></styleBlock></styleBlock><styleSelector><simpleSelector value="*.poly3"/></styleSelector></styleDeclaration><styleDeclaration><styleBlock><styleBlock><color><color value="#FFFEEC"/></color><fillType><fillType value="linear"/></fillType><gradEndColor><color value="#6BE6E8"/></gradEndColor><gradStartColor><color value="#6BE6E8"/></gradStartColor></styleBlock></styleBlock><styleSelector><simpleSelector value="*.poly4"/></styleSelector></styleDeclaration><styleDeclaration><styleBlock><styleBlock><borderColor><color value="#581B80"/></borderColor><borderThickness><double value="8"/></borderThickness><fillType><fillType value="linear"/></fillType><gradEndColor><color value="#FFFFFF"/></gradEndColor><gradStartColor><color value="#FFFFFF"/></gradStartColor></styleBlock></styleBlock><styleSelector><simpleSelector value="*.poly5"/></styleSelector></styleDeclaration><styleDeclaration><styleBlock><styleBlock><fillType><fillType value="linear"/></fillType><gradEndColor><color value="#FFFEEC"/></gradEndColor><gradStartColor><color value="#FFFEEC"/></gradStartColor></styleBlock></styleBlock><styleSelector><simpleSelector value="background"/></styleSelector></styleDeclaration><styleDeclaration><styleBlock><styleBlock><borderColor><color value="#FFFFFF"/></borderColor><borderThickness><double value="-1"/></borderThickness><fillType><fillType value="linear"/></fillType><gradEndColor><color value="#000000"/></gradEndColor><gradStartColor><color value="#000000"/></gradStartColor></styleBlock></styleBlock><styleSelector><simpleSelector value="zArrow"/></styleSelector></styleDeclaration><styleDeclaration><styleBlock><styleBlock><borderAlpha><double value="1"/></borderAlpha><gradEndAlpha><double value="1"/></gradEndAlpha><gradStartAlpha><double value="1"/></gradStartAlpha><radius><double value="0"/></radius><thickness><double value="100"/></thickness></styleBlock></styleBlock><styleSelector><simpleSelector value="zCircle"/></styleSelector></styleDeclaration><styleDeclaration><styleBlock><styleBlock><color><color value="#581B80"/></color></styleBlock></styleBlock><styleSelector><simpleSelector value="zPencil"/></styleSelector></styleDeclaration><styleDeclaration><styleBlock><styleBlock><borderColor><color value="#6BE6E8"/></borderColor><borderThickness><double value="1"/></borderThickness><fillType><fillType value="linear"/></fillType><gradEndColor><color value="#6BE6E8"/></gradEndColor><gradStartColor><color value="#6BE6E8"/></gradStartColor><thickness><double value="6"/></thickness></styleBlock></styleBlock><styleSelector><simpleSelector value="zBracketFrame"/></styleSelector></styleDeclaration><styleDeclaration><styleBlock><styleBlock><borderColor><color value="#C167C6"/></borderColor><borderThickness><double value="0"/></borderThickness><fillType><fillType value="linear"/></fillType><gradEndColor><color value="#C167C6"/></gradEndColor><gradStartColor><color value="#C167C6"/></gradStartColor><thickness><double value="6"/></thickness></styleBlock></styleBlock><styleSelector><simpleSelector value="zCircleFrame"/></styleSelector></styleDeclaration><styleDeclaration><styleBlock><styleBlock><borderColor><color value="#FE9FC8"/></borderColor><borderThickness><double value="0"/></borderThickness><fillType><fillType value="linear"/></fillType><gradEndColor><color value="#FE9FC8"/></gradEndColor><gradStartColor><color value="#FE9FC8"/></gradStartColor><radius><double value="7"/></radius></styleBlock></styleBlock><styleSelector><simpleSelector value="zRectangleFrame"/></styleSelector></styleDeclaration><styleDeclaration><styleBlock><styleBlock><padding><double value="1.2"/></padding></styleBlock></styleBlock><styleSelector><simpleSelector value="zText"/></styleSelector></styleDeclaration><styleDeclaration><styleBlock><styleBlock><color><color value="#116768"/></color><fontClass><string value="body"/></fontClass></styleBlock></styleBlock><styleSelector><simpleSelector value="zText.body"/></styleSelector></styleDeclaration><styleDeclaration><styleBlock><styleBlock><color><color value="#581B80"/></color><fontClass><string value="head"/></fontClass></styleBlock></styleBlock><styleSelector><simpleSelector value="zText.title"/></styleSelector></styleDeclaration><styleDeclaration><styleBlock><styleBlock><color><color value="#C167C6"/></color><fontClass><string value="strong"/></fontClass></styleBlock></styleBlock><styleSelector><simpleSelector value="zText.subtitle"/></styleSelector></styleDeclaration><styleDeclaration><styleBlock><styleBlock><alpha><double value="1"/></alpha><color><color value="#000000"/></color><gradEndAlpha><double value="1"/></gradEndAlpha><gradStartAlpha><double value="1"/></gradStartAlpha></styleBlock></styleBlock><styleSelector><simpleSelector value="zLine"/></styleSelector></styleDeclaration><styleDeclaration><styleBlock><styleBlock><alpha><double value="0.3"/></alpha><color><color value="#52FF59"/></color></styleBlock></styleBlock><styleSelector><simpleSelector value="zMarker"/></styleSelector></styleDeclaration><styleDeclaration><styleBlock><styleBlock><borderAlpha><double value="1"/></borderAlpha><gradEndAlpha><double value="1"/></gradEndAlpha><gradStartAlpha><double value="1"/></gradStartAlpha><radius><double value="15"/></radius><thickness><double value="100"/></thickness></styleBlock></styleBlock><styleSelector><simpleSelector value="zTriangle"/></styleSelector></styleDeclaration><styleDeclaration><styleBlock><styleBlock><borderAlpha><double value="1"/></borderAlpha><gradEndAlpha><double value="1"/></gradEndAlpha><gradStartAlpha><double value="1"/></gradStartAlpha><radius><double value="15"/></radius><thickness><double value="100"/></thickness></styleBlock></styleBlock><styleSelector><simpleSelector value="zSquare"/></styleSelector></styleDeclaration><styleDeclaration><styleBlock><styleBlock><borderColor><color value="#7F7F7F"/></borderColor><borderThickness><double value="0"/></borderThickness><fillType><fillType value="linear"/></fillType><gradEndColor><color value="#333333"/></gradEndColor><gradStartColor><color value="#333333"/></gradStartColor></styleBlock></styleBlock><styleSelector><simpleSelector value="arrow"/></styleSelector></styleDeclaration><styleDeclaration><styleBlock><styleBlock><borderAlpha><double value="1"/></borderAlpha><radius><double value="0"/></radius><thickness><double value="100"/></thickness></styleBlock></styleBlock><styleSelector><simpleSelector value="circle"/></styleSelector></styleDeclaration><styleDeclaration><styleBlock><styleBlock><borderColor><color value="#FFFFFF"/></borderColor><borderThickness><double value="0"/></borderThickness><fillType><fillType value="linear"/></fillType><gradEndColor><color value="#318BFF"/></gradEndColor><gradStartColor><color value="#318BFF"/></gradStartColor></styleBlock></styleBlock><styleSelector><simpleSelector value="frame.bracket"/></styleSelector></styleDeclaration><styleDeclaration><styleBlock><styleBlock><borderColor><color value="#FFFFFF"/></borderColor><borderThickness><double value="0"/></borderThickness><fillType><fillType value="linear"/></fillType><gradEndColor><color value="#194A99"/></gradEndColor><gradStartColor><color value="#194A99"/></gradStartColor></styleBlock></styleBlock><styleSelector><simpleSelector value="frame.circle"/></styleSelector></styleDeclaration><styleDeclaration><styleBlock><styleBlock><borderColor><color value="#97F1FF"/></borderColor><borderThickness><double value="0"/></borderThickness><fillType><fillType value="linear"/></fillType><gradEndColor><color value="#318BFF"/></gradEndColor><gradStartColor><color value="#318BFF"/></gradStartColor></styleBlock></styleBlock><styleSelector><simpleSelector value="frame.rectangle"/></styleSelector></styleDeclaration><styleDeclaration><styleBlock><styleBlock><color><color value="#333333"/></color></styleBlock></styleBlock><styleSelector><simpleSelector value="free-line"/></styleSelector></styleDeclaration><styleDeclaration><styleBlock><styleBlock><color><color value="#00E1FF"/></color></styleBlock></styleBlock><styleSelector><simpleSelector value="free-marker"/></styleSelector></styleDeclaration><styleDeclaration><styleBlock><styleBlock><color><color value="#DDDDDD"/></color></styleBlock></styleBlock><styleSelector><simpleSelector value="grid"/></styleSelector></styleDeclaration><styleDeclaration><styleBlock><styleBlock><color><color value="#333333"/></color></styleBlock></styleBlock><styleSelector><simpleSelector value="line"/></styleSelector></styleDeclaration><styleDeclaration><styleBlock><styleBlock><color><color value="#EFEFEF"/></color><fillType><fillType value="linear"/></fillType><gradEndColor><color value="#EFEFEF"/></gradEndColor><gradStartColor><color value="#EFEFEF"/></gradStartColor></styleBlock></styleBlock><styleSelector><simpleSelector value="line-arrow.style1"/></styleSelector></styleDeclaration><styleDeclaration><styleBlock><styleBlock><color><color value="#7A8082"/></color><fillType><fillType value="linear"/></fillType><gradEndColor><color value="#7A8082"/></gradEndColor><gradStartColor><color value="#7A8082"/></gradStartColor></styleBlock></styleBlock><styleSelector><simpleSelector value="line-arrow.style2"/></styleSelector></styleDeclaration><styleDeclaration><styleBlock><styleBlock><color><color value="#333333"/></color><fillType><fillType value="linear"/></fillType><gradEndColor><color value="#333333"/></gradEndColor><gradStartColor><color value="#333333"/></gradStartColor></styleBlock></styleBlock><styleSelector><simpleSelector value="line-arrow.style3"/></styleSelector></styleDeclaration><styleDeclaration><styleBlock><styleBlock><color><color value="#318BFF"/></color><fillType><fillType value="linear"/></fillType><gradEndColor><color value="#318BFF"/></gradEndColor><gradStartColor><color value="#318BFF"/></gradStartColor></styleBlock></styleBlock><styleSelector><simpleSelector value="line-arrow.style4"/></styleSelector></styleDeclaration><styleDeclaration><styleBlock><styleBlock><color><color value="#194A99"/></color><fillType><fillType value="linear"/></fillType><gradEndColor><color value="#194A99"/></gradEndColor><gradStartColor><color value="#194A99"/></gradStartColor></styleBlock></styleBlock><styleSelector><simpleSelector value="line-arrow.style5"/></styleSelector></styleDeclaration><styleDeclaration><styleBlock><styleBlock><alpha><double value="0.5"/></alpha><radius><double value="8"/></radius></styleBlock></styleBlock><styleSelector><simpleSelector value="point"/></styleSelector></styleDeclaration><styleDeclaration><styleBlock><styleBlock><borderAlpha><double value="1"/></borderAlpha><radius><double value="0"/></radius><thickness><double value="100"/></thickness></styleBlock></styleBlock><styleSelector><simpleSelector value="shape"/></styleSelector></styleDeclaration><styleDeclaration><styleBlock><styleBlock><borderColor><color value="#EFEFEF"/></borderColor><borderThickness><double value="0"/></borderThickness><fillType><fillType value="linear"/></fillType><gradEndColor><color value="#EFEFEF"/></gradEndColor><gradStartColor><color value="#EFEFEF"/></gradStartColor></styleBlock></styleBlock><styleSelector><simpleSelector value="shape.style1"/></styleSelector></styleDeclaration><styleDeclaration><styleBlock><styleBlock><borderColor><color value="#7A8082"/></borderColor><borderThickness><double value="0"/></borderThickness><fillType><fillType value="linear"/></fillType><gradEndColor><color value="#7A8082"/></gradEndColor><gradStartColor><color value="#7A8082"/></gradStartColor></styleBlock></styleBlock><styleSelector><simpleSelector value="shape.style2"/></styleSelector></styleDeclaration><styleDeclaration><styleBlock><styleBlock><borderColor><color value="#318BFF"/></borderColor><borderThickness><double value="0"/></borderThickness><fillType><fillType value="linear"/></fillType><gradEndColor><color value="#318BFF"/></gradEndColor><gradStartColor><color value="#318BFF"/></gradStartColor></styleBlock></styleBlock><styleSelector><simpleSelector value="shape.style3"/></styleSelector></styleDeclaration><styleDeclaration><styleBlock><styleBlock><borderColor><color value="#194A99"/></borderColor><borderThickness><double value="0"/></borderThickness><fillType><fillType value="linear"/></fillType><gradEndColor><color value="#194A99"/></gradEndColor><gradStartColor><color value="#194A99"/></gradStartColor></styleBlock></styleBlock><styleSelector><simpleSelector value="shape.style4"/></styleSelector></styleDeclaration><styleDeclaration><styleBlock><styleBlock><borderColor><color value="#333333"/></borderColor><borderThickness><double value="0"/></borderThickness><fillType><fillType value="linear"/></fillType><gradEndColor><color value="#333333"/></gradEndColor><gradStartColor><color value="#333333"/></gradStartColor></styleBlock></styleBlock><styleSelector><simpleSelector value="shape.style5"/></styleSelector></styleDeclaration><styleDeclaration><styleBlock><styleBlock><padding><double value="1.2"/></padding></styleBlock></styleBlock><styleSelector><simpleSelector value="text"/></styleSelector></styleDeclaration><styleDeclaration><styleBlock><styleBlock><color><color value="#333333"/></color><fontClass><string value="body"/></fontClass></styleBlock></styleBlock><styleSelector><simpleSelector value="text.body"/></styleSelector></styleDeclaration><styleDeclaration><styleBlock><styleBlock><color><color value="#194A99"/></color><fontClass><string value="strong"/></fontClass></styleBlock></styleBlock><styleSelector><simpleSelector value="text.subtitle"/></styleSelector></styleDeclaration><styleDeclaration><styleBlock><styleBlock><color><color value="#000000"/></color><fontClass><string value="head"/></fontClass></styleBlock></styleBlock><styleSelector><simpleSelector value="text.title"/></styleSelector></styleDeclaration><styleDeclaration><styleBlock><styleBlock><thickness><double value="8"/></thickness></styleBlock></styleBlock><styleSelector><simpleSelector value="#0"/></styleSelector></styleDeclaration><styleDeclaration><styleBlock><styleBlock><thickness><double value="8"/></thickness></styleBlock></styleBlock><styleSelector><simpleSelector value="#1"/></styleSelector></styleDeclaration><styleDeclaration><styleBlock><styleBlock><thickness><double value="8"/></thickness></styleBlock></styleBlock><styleSelector><simpleSelector value="#11"/></styleSelector></styleDeclaration><styleDeclaration><styleBlock><styleBlock><thickness><double value="8"/></thickness></styleBlock></styleBlock><styleSelector><simpleSelector value="#12"/></styleSelector></styleDeclaration><styleDeclaration><styleBlock><styleBlock><thickness><double value="8"/></thickness></styleBlock></styleBlock><styleSelector><simpleSelector value="#13"/></styleSelector></styleDeclaration><styleDeclaration><styleBlock><styleBlock><thickness><double value="8"/></thickness></styleBlock></styleBlock><styleSelector><simpleSelector value="#14"/></styleSelector></styleDeclaration><styleDeclaration><styleBlock><styleBlock><thickness><double value="8"/></thickness></styleBlock></styleBlock><styleSelector><simpleSelector value="#15"/></styleSelector></styleDeclaration><styleDeclaration><styleBlock><styleBlock><thickness><double value="8"/></thickness></styleBlock></styleBlock><styleSelector><simpleSelector value="#16"/></styleSelector></styleDeclaration><styleDeclaration><styleBlock><styleBlock><fontClass><string value="custom-nunito"/></fontClass></styleBlock></styleBlock><styleSelector><simpleSelector value="#17_251776839"/></styleSelector></styleDeclaration><styleDeclaration><styleBlock><styleBlock><thickness><double value="8"/></thickness></styleBlock></styleBlock><styleSelector><simpleSelector value="#2"/></styleSelector></styleDeclaration><styleDeclaration><styleBlock><styleBlock><fontClass><string value="custom-nunito"/></fontClass></styleBlock></styleBlock><styleSelector><simpleSelector value="#25_251776839"/></styleSelector></styleDeclaration><styleDeclaration><styleBlock><styleBlock><thickness><double value="8"/></thickness></styleBlock></styleBlock><styleSelector><simpleSelector value="#3"/></styleSelector></styleDeclaration><styleDeclaration><styleBlock><styleBlock><fontClass><string value="custom-nunito"/></fontClass></styleBlock></styleBlock><styleSelector><simpleSelector value="#31_251776839"/></styleSelector></styleDeclaration><styleDeclaration><styleBlock><styleBlock><fontClass><string value="custom-nunito"/></fontClass></styleBlock></styleBlock><styleSelector><simpleSelector value="#37_251776839"/></styleSelector></styleDeclaration><styleDeclaration><styleBlock><styleBlock><fontClass><string value="custom-nunito"/></fontClass></styleBlock></styleBlock><styleSelector><simpleSelector value="#3_3052318"/></styleSelector></styleDeclaration><styleDeclaration><styleBlock><styleBlock><thickness><double value="8"/></thickness></styleBlock></styleBlock><styleSelector><simpleSelector value="#4"/></styleSelector></styleDeclaration><styleDeclaration><styleBlock><styleBlock><fontClass><string value="custom-nunito"/></fontClass></styleBlock></styleBlock><styleSelector><simpleSelector value="#40_251776839"/></styleSelector></styleDeclaration><styleDeclaration><styleBlock><styleBlock><fontClass><string value="custom-nunito"/></fontClass></styleBlock></styleBlock><styleSelector><simpleSelector value="#41_251776839"/></styleSelector></styleDeclaration><styleDeclaration><styleBlock><styleBlock><fontClass><string value="custom-nunito"/></fontClass></styleBlock></styleBlock><styleSelector><simpleSelector value="#42_251776839"/></styleSelector></styleDeclaration><styleDeclaration><styleBlock><styleBlock><fontClass><string value="custom-josefinslab"/></fontClass></styleBlock></styleBlock><styleSelector><simpleSelector value="#43_3052318"/></styleSelector></styleDeclaration><styleDeclaration><styleBlock><styleBlock><fontClass><string value="custom-nunito"/></fontClass></styleBlock></styleBlock><styleSelector><simpleSelector value="#44_3052318"/></styleSelector></styleDeclaration><styleDeclaration><styleBlock><styleBlock><thickness><double value="8"/></thickness></styleBlock></styleBlock><styleSelector><simpleSelector value="#46_3052318"/></styleSelector></styleDeclaration><styleDeclaration><styleBlock><styleBlock><thickness><double value="8"/></thickness></styleBlock></styleBlock><styleSelector><simpleSelector value="#47_3052318"/></styleSelector></styleDeclaration><styleDeclaration><styleBlock><styleBlock><thickness><double value="8"/></thickness></styleBlock></styleBlock><styleSelector><simpleSelector value="#48_3052318"/></styleSelector></styleDeclaration><styleDeclaration><styleBlock><styleBlock><thickness><double value="8"/></thickness></styleBlock></styleBlock><styleSelector><simpleSelector value="#5"/></styleSelector></styleDeclaration><styleDeclaration><styleBlock><styleBlock><fontClass><string value="custom-nunito"/></fontClass></styleBlock></styleBlock><styleSelector><simpleSelector value="#50_3052318"/></styleSelector></styleDeclaration><styleDeclaration><styleBlock><styleBlock><fontClass><string value="custom-nunito"/></fontClass></styleBlock></styleBlock><styleSelector><simpleSelector value="#53_251776839"/></styleSelector></styleDeclaration><styleDeclaration><styleBlock><styleBlock><thickness><double value="8"/></thickness></styleBlock></styleBlock><styleSelector><simpleSelector value="#54_251776839"/></styleSelector></styleDeclaration><styleDeclaration><styleBlock><styleBlock><fontClass><string value="custom-nunito"/></fontClass></styleBlock></styleBlock><styleSelector><simpleSelector value="#54_3052318"/></styleSelector></styleDeclaration><styleDeclaration><styleBlock><styleBlock><fontClass><string value="custom-nunito"/></fontClass></styleBlock></styleBlock><styleSelector><simpleSelector value="#56_251776839"/></styleSelector></styleDeclaration><styleDeclaration><styleBlock><styleBlock><thickness><double value="8"/></thickness></styleBlock></styleBlock><styleSelector><simpleSelector value="#57_251776839"/></styleSelector></styleDeclaration><styleDeclaration><styleBlock><styleBlock><thickness><double value="8"/></thickness></styleBlock></styleBlock><styleSelector><simpleSelector value="#58_251776839"/></styleSelector></styleDeclaration><styleDeclaration><styleBlock><styleBlock><thickness><double value="8"/></thickness></styleBlock></styleBlock><styleSelector><simpleSelector value="#59_251776839"/></styleSelector></styleDeclaration><styleDeclaration><styleBlock><styleBlock><thickness><double value="8"/></thickness></styleBlock></styleBlock><styleSelector><simpleSelector value="#6"/></styleSelector></styleDeclaration><styleDeclaration><styleBlock><styleBlock><fontClass><string value="custom-nunito"/></fontClass></styleBlock></styleBlock><styleSelector><simpleSelector value="#60_251776839"/></styleSelector></styleDeclaration><styleDeclaration><styleBlock><styleBlock><fontClass><string value="custom-josefinslab"/></fontClass></styleBlock></styleBlock><styleSelector><simpleSelector value="#66_251776839"/></styleSelector></styleDeclaration><styleDeclaration><styleBlock><styleBlock><thickness><double value="8"/></thickness></styleBlock></styleBlock><styleSelector><simpleSelector value="#68_3052318"/></styleSelector></styleDeclaration><styleDeclaration><styleBlock><styleBlock><thickness><double value="8"/></thickness></styleBlock></styleBlock><styleSelector><simpleSelector value="#69_3052318"/></styleSelector></styleDeclaration><styleDeclaration><styleBlock><styleBlock><fontClass><string value="custom-josefinslab"/></fontClass></styleBlock></styleBlock><styleSelector><simpleSelector value="#6_621762"/></styleSelector></styleDeclaration><styleDeclaration><styleBlock><styleBlock><thickness><double value="8"/></thickness></styleBlock></styleBlock><styleSelector><simpleSelector value="#7"/></styleSelector></styleDeclaration><styleDeclaration><styleBlock><styleBlock><thickness><double value="8"/></thickness></styleBlock></styleBlock><styleSelector><simpleSelector value="#70_3052318"/></styleSelector></styleDeclaration><styleDeclaration><styleBlock><styleBlock><thickness><double value="8"/></thickness></styleBlock></styleBlock><styleSelector><simpleSelector value="#71_3052318"/></styleSelector></styleDeclaration><styleDeclaration><styleBlock><styleBlock><thickness><double value="8"/></thickness></styleBlock></styleBlock><styleSelector><simpleSelector value="#72_3052318"/></styleSelector></styleDeclaration><styleDeclaration><styleBlock><styleBlock><thickness><double value="8"/></thickness></styleBlock></styleBlock><styleSelector><simpleSelector value="#73_3052318"/></styleSelector></styleDeclaration><styleDeclaration><styleBlock><styleBlock><thickness><double value="8"/></thickness></styleBlock></styleBlock><styleSelector><simpleSelector value="#74_3052318"/></styleSelector></styleDeclaration><styleDeclaration><styleBlock><styleBlock><thickness><double value="8"/></thickness></styleBlock></styleBlock><styleSelector><simpleSelector value="#8"/></styleSelector></styleDeclaration><styleDeclaration><styleBlock><styleBlock><thickness><double value="8"/></thickness></styleBlock></styleBlock><styleSelector><simpleSelector value="#80_3052318"/></styleSelector></styleDeclaration></array></styleDeclarations></documentStyle></documentStyle><path><array><flyToObject><target><ref value="21"/></target></flyToObject><flyToObject><target><ref value="0_4221038"/></target></flyToObject><flyToObject><target><ref value="1_4221038"/></target></flyToObject><flyToObject><target><ref value="4_4221038"/></target></flyToObject><flyToObject><target><ref value="7_4221038"/></target></flyToObject><flyToObject><target><ref value="5_3052318"/></target></flyToObject><flyToObject><target><ref value="40_3052318"/></target></flyToObject><flyToObject><target><ref value="41_3052318"/></target></flyToObject><flyToObject><target><ref value="49_3052318"/></target></flyToObject><flyToObject><target><ref value="55_3052318"/></target></flyToObject><flyToObject><target><ref value="61_3052318"/></target></flyToObject><flyToObject><target><ref value="61_251776839"/></target></flyToObject><flyToObject><target><ref value="105_3052318"/></target></flyToObject><flyToObject><target><ref value="16_251776839"/></target></flyToObject><flyToObject><target><ref value="51_251776839"/></target></flyToObject><flyToObject><target><ref value="23_251776839"/></target></flyToObject><flyToObject><target><ref value="29_251776839"/></target></flyToObject><flyToObject><target><ref value="36_251776839"/></target></flyToObject><flyToObject><target><ref value="79_3052318"/></target></flyToObject><flyToObject><target><ref value="62_251776839"/></target></flyToObject></array></path><zObjects><array><zGroup><children><array><ref value="0"/><ref value="1"/><ref value="2"/><ref value="3"/><ref value="4"/><ref value="5"/><ref value="6"/><ref value="7"/><ref value="8"/><ref value="11"/><ref value="12"/></array></children><id><string value="15_3052318"/></id><localToWorld><transform2D x="-2574.0991755556834" y="4549.16126965416" scale="34.433600757863694" rotation="0"/></localToWorld></zGroup><zInvisibleFrame><height><double value="1147.1456089739206"/></height><id><string value="21"/></id><localToWorld><transform2D x="278.04077588073676" y="-197.93119755597974" scale="28.04948656855446" rotation="0"/></localToWorld><styleClasses><array><token value="invisible"/></array></styleClasses><width><double value="1151.0996473338191"/></width></zInvisibleFrame><zLine><arcHeight><double value="-173.35"/></arcHeight><id><string value="0"/></id><localToWorld><transform2D x="-2574.0991755556834" y="2729.924731977377" scale="22.22094147382582" rotation="0"/></localToWorld><startEndDistance><double value="177.8"/></startEndDistance><styleClasses><array><token value="line3"/></array></styleClasses></zLine><zLine><arcHeight><double value="-10.35"/></arcHeight><id><string value="1"/></id><localToWorld><transform2D x="-3981.5132023729957" y="5837.391963209391" scale="22.220941473825764" rotation="1.210597638308618"/></localToWorld><startEndDistance><double value="117.50158433162426"/></startEndDistance><styleClasses><array><token value="line3"/></array></styleClasses></zLine><zLine><arcHeight><double value="-9.599999999999998"/></arcHeight><id><string value="2"/></id><localToWorld><transform2D x="-1122.983658651214" y="5824.940927346896" scale="22.220941473825846" rotation="-1.2324358012394565"/></localToWorld><startEndDistance><double value="-114.92672529146068"/></startEndDistance><styleClasses><array><token value="line3"/></array></styleClasses></zLine><zLine><id><string value="3"/></id><localToWorld><transform2D x="-3662.8558673310417" y="3434.0508149292364" scale="22.220941473825828" rotation="-1.1431851199182201"/></localToWorld><startEndDistance><double value="56.78827453797128"/></startEndDistance><styleClasses><array><token value="line3"/></array></styleClasses></zLine><zLine><id><string value="4"/></id><localToWorld><transform2D x="-2535.487758640797" y="3479.92710478531" scale="22.220941473825828" rotation="-1.1431851199182201"/></localToWorld><startEndDistance><double value="56.78827453797128"/></startEndDistance><styleClasses><array><token value="line3"/></array></styleClasses></zLine><zLine><id><string value="5"/></id><localToWorld><transform2D x="-3118.6511225486265" y="3440.4393356029586" scale="22.220941473825814" rotation="-2.022917564566201"/></localToWorld><startEndDistance><double value="56.78827453797128"/></startEndDistance><styleClasses><array><token value="line3"/></array></styleClasses></zLine><zLine><id><string value="6"/></id><localToWorld><transform2D x="-1983.230453678234" y="3442.1753466556056" scale="22.220941473825814" rotation="-2.022917564566201"/></localToWorld><startEndDistance><double value="56.78827453797128"/></startEndDistance><styleClasses><array><token value="line3"/></array></styleClasses></zLine><zLine><id><string value="7"/></id><localToWorld><transform2D x="-1404.7221304956015" y="3470.02096393999" scale="22.220941473825828" rotation="-1.1431851199182201"/></localToWorld><startEndDistance><double value="56.78827453797128"/></startEndDistance><styleClasses><array><token value="line3"/></array></styleClasses></zLine><zLine><id><string value="8"/></id><localToWorld><transform2D x="-2544.2963167403013" y="7476.387271228679" scale="32.35980360648363" rotation="0"/></localToWorld><startEndDistance><double value="69.14552915845894"/></startEndDistance><styleClasses><array><token value="line3"/></array></styleClasses></zLine><zLine><id><string value="11"/></id><localToWorld><transform2D x="-2544.170345008124" y="7862.684450662724" scale="32.35980360648363" rotation="0"/></localToWorld><startEndDistance><double value="69.14552915845894"/></startEndDistance><styleClasses><array><token value="line3"/></array></styleClasses></zLine><zLine><id><string value="12"/></id><localToWorld><transform2D x="-2544.192562925097" y="8253.842461044163" scale="32.35980360648363" rotation="0"/></localToWorld><startEndDistance><double value="69.14552915845894"/></startEndDistance><styleClasses><array><token value="line3"/></array></styleClasses></zLine><zArrow><arcHeight><double value="-20.159999999999997"/></arcHeight><id><string value="13"/></id><localToWorld><transform2D x="-6389.028371945933" y="1282.7139598818915" scale="15.872101052732734" rotation="0.031711420285192735"/></localToWorld><startEndDistance><double value="-216.32557652057596"/></startEndDistance><styleClasses><array><token value="line5"/></array></styleClasses></zArrow><zArrow><arcHeight><double value="-43.485483833252374"/></arcHeight><id><string value="14"/></id><localToWorld><transform2D x="-4961.398829901705" y="-1071.9501446374688" scale="15.872101052732756" rotation="0.7303639722600459"/></localToWorld><startEndDistance><double value="-264.32550869310563"/></startEndDistance><styleClasses><array><token value="line5"/></array></styleClasses></zArrow><zArrow><arcHeight><double value="-31.45585391833356"/></arcHeight><id><string value="15"/></id><localToWorld><transform2D x="-3005.4898071168645" y="-1482.03562053189" scale="15.87210105273277" rotation="1.3089969389957476"/></localToWorld><startEndDistance><double value="-231.66087636085425"/></startEndDistance><styleClasses><array><token value="line5"/></array></styleClasses></zArrow><zArrow><arcHeight><double value="-12.81"/></arcHeight><id><string value="16"/></id><localToWorld><transform2D x="-6498.931129331677" y="3703.7545979089846" scale="15.87210105273275" rotation="-0.5537760170328736"/></localToWorld><startEndDistance><double value="-154.82327643293144"/></startEndDistance><styleClasses><array><token value="line5"/></array></styleClasses></zArrow><zText><id><string value="44"/></id><localToWorld><transform2D x="-2520.8913439145654" y="10230.229262678018" scale="66.13045775019374" rotation="0"/></localToWorld><styleClasses><array><token value="title"/></array></styleClasses><text><text><width>463.9</width><p align="center"><span><![CDATA[League of legend]]></span></p></text></text></zText><zCircleFrame><height><double value="800"/></height><id><string value="0_4221038"/></id><localToWorld><transform2D x="-8841.259105397654" y="6186.442721864382" scale="4.274413206423131" rotation="-0.09022347189447825"/></localToWorld><styleClasses><array><token value="circle"/></array></styleClasses><width><double value="800"/></width></zCircleFrame><zText><id><string value="10"/></id><localToWorld><transform2D x="-9013.495163981837" y="5064.7046503194315" scale="6.222545370535079" rotation="-0.09022347189447824"/></localToWorld><styleClasses><array><token value="title"/></array></styleClasses><text><text><width>244.4</width><p align="center"><span><![CDATA[League of Legend]]></span></p></text></text></zText><zCircleFrame><height><double value="800"/></height><id><string value="1_4221038"/></id><localToWorld><transform2D x="-10240.356889184595" y="2038.0945395071255" scale="4.274413206423131" rotation="-0.09022347189447825"/></localToWorld><styleClasses><array><token value="circle"/></array></styleClasses><width><double value="800"/></width></zCircleFrame><zCircleFrame><height><double value="712.7400404324663"/></height><id><string value="4_4221038"/></id><localToWorld><transform2D x="-8375.49415573025" y="-2957.3311667108683" scale="4.274413206423131" rotation="-0.09022347189447825"/></localToWorld><styleClasses><array><token value="circle"/></array></styleClasses><width><double value="712.7400404324663"/></width></zCircleFrame><zCircleFrame><height><double value="800"/></height><id><string value="7_4221038"/></id><localToWorld><transform2D x="-4344.950350659457" y="-4908.24586166346" scale="3.6831777731576367" rotation="-0.09022347189447834"/></localToWorld><styleClasses><array><token value="circle"/></array></styleClasses><width><double value="800"/></width></zCircleFrame><zText><id><string value="3_621762"/></id><localToWorld><transform2D x="-8457.34567306405" y="-3793.348642392132" scale="6.2225453705350615" rotation="-0.09022347189447837"/></localToWorld><styleClasses><array><token value="title"/></array></styleClasses><text><text><width>287.85</width><p align="center"><span><![CDATA[Game Introduction]]></span></p></text></text></zText><zText><id><string value="5_621762"/></id><localToWorld><transform2D x="-4337.360977609824" y="-5610.059476329612" scale="5.361844935061479" rotation="-0.018253807899922533"/></localToWorld><styleClasses><array><token value="title"/></array></styleClasses><text><text><width>431.75</width><p align="center"><span><![CDATA[What can you do to win a game?]]></span></p></text></text></zText><zCircle><id><string value="5_3052318"/></id><localToWorld><transform2D x="466.3844892477569" y="-5210.0872736244255" scale="8.565767975089383" rotation="-0.09022347189447824"/></localToWorld><radius><double value="180.8727550404501"/></radius><styleClasses><array><token value="poly1"/></array></styleClasses></zCircle><zText><id><string value="6_621762"/></id><localToWorld><transform2D x="-3967.1716939355283" y="-4903.871088130626" scale="5.361844935061479" rotation="-0.01825380789992248"/></localToWorld><styleClasses><array><token value="subtitle"/></array></styleClasses><text><text><width>501.75</width><p><span><![CDATA[1. Player's level]]></span></p><p/><p><span color="15781660"><![CDATA[2. Players' cooperation & performance]]></span></p><p/><p><span color="0"><![CDATA[3. Composition in each team]]></span></p><p/></text></text></zText><zText><id><string value="3_3052318"/></id><localToWorld><transform2D x="-10628.03610414673" y="1508.9896587138376" scale="8.397043503281942" rotation="-0.09022347189447823"/></localToWorld><styleClasses><array><token value="body"/></array></styleClasses><text><text><width>235.35</width><p><span><![CDATA[Our goal is :]]></span></p></text></text></zText><zText><id><string value="4_3052318"/></id><localToWorld><transform2D x="-10183.994385346958" y="2169.538418287268" scale="5.337403098402306" rotation="-0.09022347189447825"/></localToWorld><styleClasses><array><token value="body"/></array></styleClasses><text><text><width>557.9525598539549</width><p><span><![CDATA[1. Finding useful strategy to help players to win easily.]]></span></p><p/><p><span><![CDATA[2.Giving player some suggestions for different areas and levels.]]></span></p><p/></text></text></zText><zText><id><string value="6_3052318"/></id><localToWorld><transform2D x="556.2320846250234" y="-6027.545196610197" scale="6.465723497527049" rotation="3.118598696310854E-17"/></localToWorld><styleClasses><array><token value="title"/></array></styleClasses><text><text><width>331.9</width><p align="center"><span><![CDATA[Data Discription]]></span></p></text></text></zText><zSquare><height><double value="95.00229690922853"/></height><id><string value="93_3052318"/></id><localToWorld><transform2D x="256.2454267151184" y="-8386.683427666612" scale="10.694602741031215" rotation="3.141592653589793"/></localToWorld><styleClasses><array><token value="poly5"/></array></styleClasses><width><double value="204.552640929537"/></width></zSquare><zRectangleFrame><height><double value="600"/></height><id><string value="111_3052318"/></id><localToWorld><transform2D x="257.2210963473555" y="-8401.512222207793" scale="1.3653366120790669" rotation="-2.4492935982947054E-16"/></localToWorld><styleClasses><array><token value="roundrect"/></array></styleClasses><width><double value="1421.2774214720837"/></width></zRectangleFrame><zText><id><string value="40_3052318"/></id><localToWorld><transform2D x="308.32610057235405" y="-8323.025218944502" scale="3.60321625427329" rotation="-2.4492935982947044E-16"/></localToWorld><styleClasses><array><token value="body"/></array></styleClasses><text><text><width>548</width><p><span><![CDATA[Pick 1,000,000 sample from South Korea %>%]]></span></p><p/><p><span><![CDATA[Choose 100,000  sample from formal rank %>%]]></span></p><p/><p><span><![CDATA[Select 10,000 sample from high level players]]></span></p><p/></text></text></zText><zSquare><height><double value="127.49956472249295"/></height><id><string value="94_3052318"/></id><localToWorld><transform2D x="4758.657140315819" y="-8256.62371169478" scale="12.174683549400278" rotation="3.141592653589793"/></localToWorld><styleClasses><array><token value="poly5"/></array></styleClasses><width><double value="260.8591540180836"/></width></zSquare><zRectangleFrame><height><double value="676.3979981152747"/></height><id><string value="110_3052318"/></id><localToWorld><transform2D x="4749.655922807665" y="-8238.928411324956" scale="1.9017226293767746" rotation="-2.4492935982947054E-16"/></localToWorld><styleClasses><array><token value="roundrect"/></array></styleClasses><width><double value="1521.0827184054929"/></width></zRectangleFrame><zImage><assetSourceFilename><string value="QQ截图20170416213615.png"/></assetSourceFilename><height><double value="285"/></height><id><string value="64_251776839"/></id><localToWorld><transform2D x="4696.701432086774" y="-8023.622773642367" scale="2.2145615662143237" rotation="-2.4492935982947054E-16"/></localToWorld><onlineAssetId><string value="4761979112"/></onlineAssetId><onlineAssetUrl><string value="http://0103.static.prezi.com.s3.amazonaws.com/media/3/8/6/b820a7dd020da76cb4355ff7152d839a21072.png"/></onlineAssetUrl><width><double value="1049"/></width></zImage><zText><id><string value="41_3052318"/></id><localToWorld><transform2D x="4760.493191227358" y="-8238.219276460233" scale="4.595904226414877" rotation="-2.449293598294704E-16"/></localToWorld><styleClasses><array><token value="body"/></array></styleClasses><text><text><width>612.55</width><p><span><![CDATA[Each sample contain 10 (2*5) information (10 player)]]></span></p><p><span><![CDATA[Each information include 29 variables]]></span></p><p/><p/><p/><p/></text></text></zText><zText><id><string value="42_3052318"/></id><localToWorld><transform2D x="624.7555275226999" y="-5205.362176514942" scale="5.877930452297318" rotation="-2.2297980678622604E-16"/></localToWorld><styleClasses><array><token value="body"/></array></styleClasses><text><text><width>469.227596265539</width><p><span color="8856395"><![CDATA[Crawling data from LOL official developer]]></span></p><p/><p><span color="8856395"><![CDATA[Website: ]]></span><span color="0"><![CDATA[developer.riotgames.com]]></span></p><p><span color="8856395"><![CDATA[ ]]></span></p><p><span color="8856395"><![CDATA[Patch: 7.6  2017/3/22 to 2017/4/5]]></span></p><p/><p><span color="8856395"><![CDATA[Area: South Korea & North America]]></span></p></text></text></zText><zText><id><string value="43_3052318"/></id><localToWorld><transform2D x="-145.18169175556784" y="-8702.054515528373" scale="5.850444150614991" rotation="-2.449293598294705E-16"/></localToWorld><styleClasses><array><token value="subtitle"/></array></styleClasses><text><text><width>-186.288</width><p><span><![CDATA[Database Selection]]></span></p></text></text></zText><zText><id><string value="44_3052318"/></id><localToWorld><transform2D x="3899.7159720152063" y="-8756.033066567228" scale="5.055494649056365" rotation="-2.4492935982947054E-16"/></localToWorld><styleClasses><array><token value="subtitle"/></array></styleClasses><text><text><width>-216.83203125</width><p><span><![CDATA[Variable Discription]]></span></p></text></text></zText><zArrow><arcHeight><double value="-35.80510073442423"/></arcHeight><id><string value="46_3052318"/></id><localToWorld><transform2D x="-1566.0908919968265" y="-1608.6672689839522" scale="14.224591694559592" rotation="-1.2749020777575146"/></localToWorld><startEndDistance><double value="325.7106093568382"/></startEndDistance><styleClasses><array><token value="line5"/></array></styleClasses></zArrow><zArrow><id><string value="47_3052318"/></id><localToWorld><transform2D x="557.8083766317952" y="-7283.062344092295" scale="5.080211319485579" rotation="-1.370797090477833"/></localToWorld><startEndDistance><double value="179.5412263646303"/></startEndDistance><styleClasses><array><token value="line5"/></array></styleClasses></zArrow><zArrow><id><string value="48_3052318"/></id><localToWorld><transform2D x="2455.0776617363153" y="-6789.723330929691" scale="5.080211319485574" rotation="-0.6594354354060711"/></localToWorld><startEndDistance><double value="333.26221742538496"/></startEndDistance><styleClasses><array><token value="line5"/></array></styleClasses></zArrow><zCircle><id><string value="49_3052318"/></id><localToWorld><transform2D x="5232.815675785621" y="-2169.053203700213" scale="12.626079498837328" rotation="-2.4492935982947074E-16"/></localToWorld><radius><double value="139.0284462588911"/></radius><styleClasses><array><token value="poly1"/></array></styleClasses></zCircle><zImage><assetSourceFilename><string value="QQ截图20170416165143.png"/></assetSourceFilename><height><double value="263"/></height><id><string value="3_251776839"/></id><localToWorld><transform2D x="9819.280212272035" y="-2134.4211717280714" scale="2.2142681635480166" rotation="-2.449293598294707E-16"/></localToWorld><onlineAssetId><string value="4761874961"/></onlineAssetId><onlineAssetUrl><string value="http://0103.static.prezi.com.s3.amazonaws.com/media/3/8/9/aa6f3dcffe9a2e6f6bed9c42056deb67c8522.png"/></onlineAssetUrl><width><double value="1483"/></width></zImage><zText><id><string value="50_3052318"/></id><localToWorld><transform2D x="5349.822659995965" y="-3215.520315627124" scale="9.957214186191724" rotation="-2.449293598294707E-16"/></localToWorld><styleClasses><array><token value="title"/></array></styleClasses><text><text><width>-151.5703125</width><p><span><![CDATA[Data Analysis]]></span></p></text></text></zText><zText><id><string value="51_3052318"/></id><localToWorld><transform2D x="5384.727706527668" y="-2104.8623315867776" scale="8.040272256584572" rotation="-2.449293598294709E-16"/></localToWorld><styleClasses><array><token value="body"/></array></styleClasses><text><text><width>339.36325989359466</width><p><span color="8856395"><![CDATA[1. Data pre processing]]></span></p><p/><p><span color="8856395"><![CDATA[2. Model based on 5 factors]]></span></p><p/><p><span color="8856395"><![CDATA[3. Model discription]]></span></p><p/><p><span color="8856395"><![CDATA[4. Result]]></span></p></text></text></zText><zSquare><height><double value="167.94878169809147"/></height><id><string value="53_3052318"/></id><localToWorld><transform2D x="8634.725043297647" y="-6547.578320998004" scale="8.847710005377259" rotation="3.141592653589793"/></localToWorld><styleClasses><array><token value="poly5"/></array></styleClasses><width><double value="375.0000535783998"/></width></zSquare><zRectangleFrame><height><double value="600"/></height><id><string value="109_3052318"/></id><localToWorld><transform2D x="8626.94311306139" y="-6575.258969789254" scale="2.181234059793416" rotation="-2.449293598294707E-16"/></localToWorld><styleClasses><array><token value="roundrect"/></array></styleClasses><width><double value="1408.383233532934"/></width></zRectangleFrame><zText><id><string value="54_3052318"/></id><localToWorld><transform2D x="7875.787685736174" y="-7046.440487517171" scale="6.465723497527046" rotation="-2.449293598294707E-16"/></localToWorld><styleClasses><array><token value="subtitle"/></array></styleClasses><text><text><width>-224.109375</width><p><span color="8856395"><![CDATA[Data pre processing]]></span></p></text></text></zText><zText><id><string value="55_3052318"/></id><localToWorld><transform2D x="8629.298518841892" y="-6542.774828376391" scale="6.465723497527046" rotation="-2.449293598294707E-16"/></localToWorld><styleClasses><array><token value="body"/></array></styleClasses><text><text><width>457.2998584206643</width><p><span color="8856395"><![CDATA[Scale some variables by game length]]></span></p><p><span color="8856395"><![CDATA[Detect missing value]]></span></p><p><span color="8856395"><![CDATA[Adjust some variables ]]></span></p><p><span color="8856395"><![CDATA[(There are 134 champions but more than 400 champion ID)]]></span></p></text></text></zText><zSquare><height><double value="238.54091175360753"/></height><id><string value="56_3052318"/></id><localToWorld><transform2D x="10431.716122502972" y="-4458.342848699377" scale="5.8779304522973135" rotation="3.141592653589793"/></localToWorld><styleClasses><array><token value="poly5"/></array></styleClasses><width><double value="600.2148811330077"/></width></zSquare><zSquare><height><double value="247.946893880044"/></height><id><string value="57_3052318"/></id><localToWorld><transform2D x="9834.92999988772" y="-2169.333185588711" scale="5.8779304522973135" rotation="3.141592653589793"/></localToWorld><styleClasses><array><token value="poly5"/></array></styleClasses><width><double value="614.0020592831764"/></width></zSquare><zRectangleFrame><height><double value="600"/></height><id><string value="107_3052318"/></id><localToWorld><transform2D x="10357.675855647885" y="-4493.401071592364" scale="1.998376114661034" rotation="-2.449293598294707E-16"/></localToWorld><styleClasses><array><token value="roundrect"/></array></styleClasses><width><double value="1572.549019607843"/></width></zRectangleFrame><zText><id><string value="60_3052318"/></id><localToWorld><transform2D x="9783.737827235513" y="-4928.13207310298" scale="6.465723497527044" rotation="-2.449293598294707E-16"/></localToWorld><styleClasses><array><token value="title"/></array></styleClasses><text><text><width>-286.3125</width><p><span color="8856395"><![CDATA[Model based on 5 factors]]></span></p></text></text></zText><zText><id><string value="61_3052318"/></id><localToWorld><transform2D x="10290.055041612675" y="-4437.2547125413685" scale="5.8779304522973135" rotation="-2.449293598294707E-16"/></localToWorld><styleClasses><array><token value="body"/></array></styleClasses><text><text><width>487.1</width><p><span color="8856395"><![CDATA[The first half of the game: stay in position, accumulate resources, not fail in the local war]]></span></p><p><span color="8856395"><![CDATA[The rest of the game: team fight!]]></span></p><p><span color="0"><![CDATA[Five factors:]]></span></p><p><span color="0"><![CDATA[Top Middle Bottom Jungle TeamFight]]></span></p></text></text></zText><zRectangleFrame><height><double value="600"/></height><id><string value="108_3052318"/></id><localToWorld><transform2D x="9819.275060008806" y="-2134.5192501439265" scale="2.0244986782513745" rotation="-2.4492935982947064E-16"/></localToWorld><styleClasses><array><token value="roundrect"/></array></styleClasses><width><double value="1710.967741935484"/></width></zRectangleFrame><zImage><assetSourceFilename><string value="QQ截图20170416192900.png"/></assetSourceFilename><height><double value="243"/></height><id><string value="19_251776839"/></id><localToWorld><transform2D x="9819.280212272035" y="-2134.511982296862" scale="2.134901638003001" rotation="-2.4492935982947064E-16"/></localToWorld><onlineAssetId><string value="4761929958"/></onlineAssetId><onlineAssetUrl><string value="http://0103.static.prezi.com.s3.amazonaws.com/media/6/3/5/f851e293861074871f85f61a193deb2608e9f.png"/></onlineAssetUrl><width><double value="1500"/></width></zImage><zText><id><string value="62_3052318"/></id><localToWorld><transform2D x="9136.426327728435" y="-2626.6787342854377" scale="5.877930452297322" rotation="-2.449293598294708E-16"/></localToWorld><styleClasses><array><token value="title"/></array></styleClasses><text><text><width>-319.21875</width><p><span color="8856395"><![CDATA[Model discription: basic idea]]></span></p></text></text></zText><zSquare><height><double value="181.9530726153296"/></height><id><string value="95_3052318"/></id><localToWorld><transform2D x="9817.502745327936" y="-334.1268364815929" scale="8.696202535285915" rotation="3.141592653589793"/></localToWorld><styleClasses><array><token value="poly5"/></array></styleClasses><width><double value="405.9983730281878"/></width></zSquare><zRectangleFrame><height><double value="600"/></height><id><string value="105_3052318"/></id><localToWorld><transform2D x="9841.18982158824" y="-385.3834420525947" scale="2.3379694413354577" rotation="-2.449293598294707E-16"/></localToWorld><styleClasses><array><token value="roundrect"/></array></styleClasses><width><double value="1448.0446927374303"/></width></zRectangleFrame><zText><id><string value="64_3052318"/></id><localToWorld><transform2D x="9234.167494254474" y="-902.3915098105426" scale="5.877930452297312" rotation="-2.449293598294709E-16"/></localToWorld><styleClasses><array><token value="title"/></array></styleClasses><text><text><width>-350.296875</width><p><span><![CDATA[Model discription: build feature]]></span></p></text></text></zText><zArrow><arcHeight><double value="50.59659812493368"/></arcHeight><id><string value="68_3052318"/></id><localToWorld><transform2D x="908.8112226896031" y="-763.648680840006" scale="14.22459169455961" rotation="2.436713964606729"/></localToWorld><startEndDistance><double value="-354.17816804134713"/></startEndDistance><styleClasses><array><token value="line5"/></array></styleClasses></zArrow><zLine><id><string value="69_3052318"/></id><localToWorld><transform2D x="7594.541834463572" y="-4038.3033808097007" scale="14.224591694559605" rotation="-0.38033355460082563"/></localToWorld><startEndDistance><double value="127.44904562823646"/></startEndDistance><styleClasses><array><token value="line2"/></array></styleClasses></zLine><zLine><id><string value="70_3052318"/></id><localToWorld><transform2D x="7557.046141694588" y="-2132.9725880520687" scale="14.224591694559605" rotation="-2.449293598294707E-16"/></localToWorld><startEndDistance><double value="47.85444661927113"/></startEndDistance><styleClasses><array><token value="line2"/></array></styleClasses></zLine><zLine><id><string value="71_3052318"/></id><localToWorld><transform2D x="7345.055948959257" y="-645.0901382377531" scale="14.22459169455961" rotation="0.36750884218089586"/></localToWorld><startEndDistance><double value="68.342452037208"/></startEndDistance><styleClasses><array><token value="line2"/></array></styleClasses></zLine><zLine><arcHeight><double value="28.719247479370267"/></arcHeight><id><string value="72_3052318"/></id><localToWorld><transform2D x="6420.534127578305" y="963.428440802968" scale="14.224591694559601" rotation="0.5984700840957119"/></localToWorld><startEndDistance><double value="243.6326751215588"/></startEndDistance><styleClasses><array><token value="line2"/></array></styleClasses></zLine><zLine><arcHeight><double value="-46.48252770132535"/></arcHeight><id><string value="73_3052318"/></id><localToWorld><transform2D x="5475.932599889664" y="-5518.66155458112" scale="14.224591694559614" rotation="-0.85518041168693"/></localToWorld><startEndDistance><double value="201.14644125031137"/></startEndDistance><styleClasses><array><token value="line2"/></array></styleClasses></zLine><zArrow><arcHeight><double value="-161.51199391288353"/></arcHeight><id><string value="74_3052318"/></id><localToWorld><transform2D x="4110.520842306331" y="2552.526151185927" scale="10.160422638971154" rotation="0.3031626820664157"/></localToWorld><startEndDistance><double value="775.1165586114826"/></startEndDistance><styleClasses><array><token value="line5"/></array></styleClasses></zArrow><zCircle><id><string value="75_3052318"/></id><localToWorld><transform2D x="9039.940812345474" y="5991.906341130607" scale="21.323536725357428" rotation="-2.4492935982947074E-16"/></localToWorld><radius><double value="79.44009113976465"/></radius><styleClasses><array><token value="poly1"/></array></styleClasses></zCircle><zRectangleFrame><height><double value="945.6869009584664"/></height><id><string value="104_3052318"/></id><localToWorld><transform2D x="9616.663532059418" y="6070.580854070418" scale="3.0661359014161946" rotation="-2.4492935982947064E-16"/></localToWorld><styleClasses><array><token value="roundrect"/></array></styleClasses><width><double value="800"/></width></zRectangleFrame><zCircle><id><string value="79_3052318"/></id><localToWorld><transform2D x="3767.961683986444" y="5354.989188720115" scale="12.295270333422712" rotation="-2.4492935982947074E-16"/></localToWorld><radius><double value="180.50015078724547"/></radius><styleClasses><array><token value="poly1"/></array></styleClasses></zCircle><zArrow><arcHeight><double value="-35.12693444027956"/></arcHeight><id><string value="80_3052318"/></id><localToWorld><transform2D x="1022.4469325828409" y="3899.470561098969" scale="10.160422638971147" rotation="0.1488899476094974"/></localToWorld><startEndDistance><double value="171.31128923946454"/></startEndDistance><styleClasses><array><token value="line5"/></array></styleClasses></zArrow><zText><id><string value="81_3052318"/></id><localToWorld><transform2D x="3771.2963308276258" y="3924.8686255307493" scale="14.224591694559605" rotation="-2.449293598294707E-16"/></localToWorld><styleClasses><array><token value="title"/></array></styleClasses><text><text><width>-122.90625</width><p><span><![CDATA[Conclusion]]></span></p></text></text></zText><zText><id><string value="82_3052318"/></id><localToWorld><transform2D x="3852.117737051132" y="5368.166400601872" scale="8.648874489522061" rotation="-2.4492935982947074E-16"/></localToWorld><styleClasses><array><token value="body"/></array></styleClasses><text><text><width>439.0499999999999</width><p><span><![CDATA[So far, we get some models with prediction rate nearly 60%. Some important variables are selected to help player have better understand for this game.]]></span></p><p><span><![CDATA[Variable selection and model parameter adjustment are our next concerns.]]></span></p></text></text></zText><zTriangle><height><double value="253.9498580173524"/></height><id><string value="98_3052318"/></id><localToWorld><transform2D x="8229.18574278442" y="14209.092615576888" scale="10.67054608592803" rotation="3.141592653589793"/></localToWorld><styleClasses><array><token value="poly1"/></array></styleClasses><width><double value="420.9999542972502"/></width></zTriangle><zRectangleFrame><height><double value="600"/></height><id><string value="99_3052318"/></id><localToWorld><transform2D x="8191.937318302142" y="13800.357336441246" scale="3.3045042941780496" rotation="-2.4492935982947074E-16"/></localToWorld><styleClasses><array><token value="roundrect"/></array></styleClasses><width><double value="901.185770750988"/></width></zRectangleFrame><zRectangleFrame><height><double value="600"/></height><id><string value="100_3052318"/></id><localToWorld><transform2D x="7233.911067673551" y="13518.221450549456" scale="2.207356623383756" rotation="-2.4492935982947054E-16"/></localToWorld><styleClasses><array><token value="roundrect"/></array></styleClasses><width><double value="933.7278106508876"/></width></zRectangleFrame><zRectangleFrame><height><double value="600"/></height><id><string value="101_3052318"/></id><localToWorld><transform2D x="8358.498396675624" y="14425.350334020957" scale="2.4751129001847443" rotation="-2.449293598294707E-16"/></localToWorld><styleClasses><array><token value="roundrect"/></array></styleClasses><width><double value="797.8891820580476"/></width></zRectangleFrame><zRectangleFrame><height><double value="600"/></height><id><string value="102_3052318"/></id><localToWorld><transform2D x="9240.156370644047" y="13823.872364586317" scale="0.8489833166860602" rotation="-2.449293598294707E-16"/></localToWorld><styleClasses><array><token value="roundrect"/></array></styleClasses><width><double value="2833.846153846154"/></width></zRectangleFrame><zRectangleFrame><height><double value="600"/></height><id><string value="103_3052318"/></id><localToWorld><transform2D x="8108.10113100233" y="5655.222776589278" scale="2.9518496857084555" rotation="-2.449293598294708E-16"/></localToWorld><styleClasses><array><token value="roundrect"/></array></styleClasses><width><double value="647.787610619469"/></width></zRectangleFrame><zImage><assetSourceFilename><string value="QQ截图20170416140525.png"/></assetSourceFilename><height><double value="484"/></height><id><string value="1_251776839"/></id><localToWorld><transform2D x="-8935.463317745804" y="5892.143382522806" scale="2.602509091839395" rotation="-0.09022347189447824"/></localToWorld><onlineAssetId><string value="4761816307"/></onlineAssetId><onlineAssetUrl><string value="http://0103.static.prezi.com.s3.amazonaws.com/media/e/c/e/f09fd4e06ccaf76e37844392602e109965bc5.png"/></onlineAssetUrl><width><double value="858"/></width></zImage><zText><id><string value="0_3052318"/></id><localToWorld><transform2D x="-8659.535404476" y="6844.201385721953" scale="4.689356279319778" rotation="-0.09022347189447837"/></localToWorld><styleClasses><array><token value="body"/></array></styleClasses><text><text><width>548</width><p><span><![CDATA[League of Legends has dominated the online market since 2012。 ]]></span></p><p><span><![CDATA[League of Legends is big, so big that its player base amounts to more than one percent of the global population.                        September 15 2016]]></span></p></text></text></zText><zImage><assetSourceFilename><string value="图片1.png"/></assetSourceFilename><height><double value="894"/></height><id><string value="2_251776839"/></id><localToWorld><transform2D x="-8364.673487613387" y="-2807.872349878098" scale="1.7809318191092784" rotation="-0.09022347189447825"/></localToWorld><onlineAssetId><string value="4761828515"/></onlineAssetId><onlineAssetUrl><string value="http://0103.static.prezi.com.s3.amazonaws.com/media/5/6/c/b3f625c77e95dd1596c72d6984a8ae02a63aa.png"/></onlineAssetUrl><width><double value="1038"/></width></zImage><zImage><assetSourceFilename><string value="QQ截图20170416171334.png"/></assetSourceFilename><height><double value="255"/></height><id><string value="5_251776839"/></id><localToWorld><transform2D x="9846.705004046753" y="-183.94636996224904" scale="2.0599468951103628" rotation="-2.4492935982947074E-16"/></localToWorld><onlineAssetId><string value="4761882426"/></onlineAssetId><onlineAssetUrl><string value="http://0103.static.prezi.com.s3.amazonaws.com/media/b/2/2/2a9a682a41f9e71a1580ef423b85951b6c200.png"/></onlineAssetUrl><width><double value="1564"/></width></zImage><zSquare><height><double value="181.9530726153296"/></height><id><string value="15_251776839"/></id><localToWorld><transform2D x="10098.704332440271" y="1825.464490948579" scale="8.696202535285916" rotation="3.141592653589793"/></localToWorld><styleClasses><array><token value="poly5"/></array></styleClasses><width><double value="405.9983730281878"/></width></zSquare><zRectangleFrame><height><double value="600"/></height><id><string value="16_251776839"/></id><localToWorld><transform2D x="10098.78066081506" y="1828.921253073827" scale="2.337969441335458" rotation="-2.4492935982947074E-16"/></localToWorld><styleClasses><array><token value="roundrect"/></array></styleClasses><width><double value="1448.0446927374303"/></width></zRectangleFrame><zImage><assetSourceFilename><string value="QQ截图20170416194641.png"/></assetSourceFilename><height><double value="379"/></height><id><string value="20_251776839"/></id><localToWorld><transform2D x="10100.88378609124" y="1783.3737923142023" scale="1.9360197235248722" rotation="-2.449293598294707E-16"/></localToWorld><onlineAssetId><string value="4761936414"/></onlineAssetId><onlineAssetUrl><string value="http://0103.static.prezi.com.s3.amazonaws.com/media/3/9/e/a0e6b016dff1fcf6bfb8be8656451047294d1.png"/></onlineAssetUrl><width><double value="1642"/></width></zImage><zText><id><string value="17_251776839"/></id><localToWorld><transform2D x="9195.510638685504" y="1311.9131853158801" scale="5.8779304522973135" rotation="-2.449293598294705E-16"/></localToWorld><styleClasses><array><token value="title"/></array></styleClasses><text><text><width>-249.48046875</width><p><span><![CDATA[Result: Prediction rate]]></span></p></text></text></zText><zSquare><height><double value="181.9530726153296"/></height><id><string value="22_251776839"/></id><localToWorld><transform2D x="15563.457335827972" y="8213.851789504015" scale="8.696202535285915" rotation="3.141592653589793"/></localToWorld><styleClasses><array><token value="poly5"/></array></styleClasses><width><double value="405.9983730281878"/></width></zSquare><zRectangleFrame><height><double value="600"/></height><id><string value="23_251776839"/></id><localToWorld><transform2D x="15563.411930543578" y="8189.605367636962" scale="2.337969441335458" rotation="-2.4492935982947074E-16"/></localToWorld><styleClasses><array><token value="roundrect"/></array></styleClasses><width><double value="1448.0446927374303"/></width></zRectangleFrame><zImage><assetSourceFilename><string value="QQ截图20170416195711.png"/></assetSourceFilename><height><double value="587"/></height><id><string value="26_251776839"/></id><localToWorld><transform2D x="14945.732923824906" y="8269.830544652119" scale="1.635956746363546" rotation="-2.4492935982947074E-16"/></localToWorld><onlineAssetId><string value="4761944820"/></onlineAssetId><onlineAssetUrl><string value="http://0103.static.prezi.com.s3.amazonaws.com/media/f/3/d/89e81ab026adbbf55d8d1b1afd827a1d670da.png"/></onlineAssetUrl><width><double value="1055"/></width></zImage><zText><id><string value="25_251776839"/></id><localToWorld><transform2D x="14552.575781136982" y="7672.597299879015" scale="5.877930452297313" rotation="-2.449293598294705E-16"/></localToWorld><styleClasses><array><token value="title"/></array></styleClasses><text><text><width>-212.8828125</width><p><span><![CDATA[Result: Rule for C5]]></span></p></text></text></zText><zSquare><height><double value="181.9530726153296"/></height><id><string value="28_251776839"/></id><localToWorld><transform2D x="16059.737094267817" y="11545.419126719496" scale="8.696202535285915" rotation="3.141592653589793"/></localToWorld><styleClasses><array><token value="poly5"/></array></styleClasses><width><double value="405.9983730281878"/></width></zSquare><zRectangleFrame><height><double value="600"/></height><id><string value="29_251776839"/></id><localToWorld><transform2D x="16042.922656847579" y="11544.971034386755" scale="2.337969441335458" rotation="-2.4492935982947074E-16"/></localToWorld><styleClasses><array><token value="roundrect"/></array></styleClasses><width><double value="1448.0446927374303"/></width></zRectangleFrame><zText><id><string value="31_251776839"/></id><localToWorld><transform2D x="15899.375145677446" y="11027.962966628807" scale="5.877930452297312" rotation="-2.449293598294705E-16"/></localToWorld><styleClasses><array><token value="title"/></array></styleClasses><text><text><width>-507.9375</width><p><span><![CDATA[Result: Important variables for Randomforest]]></span></p></text></text></zText><zImage><assetSourceFilename><string value="QQ截图20170416200602.png"/></assetSourceFilename><height><double value="942"/></height><id><string value="33_251776839"/></id><localToWorld><transform2D x="15414.891245286779" y="11625.559453677073" scale="0.9164249704294252" rotation="-2.4492935982947074E-16"/></localToWorld><onlineAssetId><string value="4761949280"/></onlineAssetId><onlineAssetUrl><string value="http://0103.static.prezi.com.s3.amazonaws.com/media/8/4/2/a8a53526f54a457e5060e37b6e420de5b05ff.png"/></onlineAssetUrl><width><double value="1912"/></width></zImage><zSquare><height><double value="181.9530726153296"/></height><id><string value="35_251776839"/></id><localToWorld><transform2D x="13364.706438989042" y="15407.683427946404" scale="8.696202535285915" rotation="3.141592653589793"/></localToWorld><styleClasses><array><token value="poly5"/></array></styleClasses><width><double value="405.9983730281878"/></width></zSquare><zRectangleFrame><height><double value="600"/></height><id><string value="36_251776839"/></id><localToWorld><transform2D x="13357.200084869819" y="15414.590991685693" scale="2.337969441335458" rotation="-2.4492935982947074E-16"/></localToWorld><styleClasses><array><token value="roundrect"/></array></styleClasses><width><double value="1448.0446927374303"/></width></zRectangleFrame><zText><id><string value="37_251776839"/></id><localToWorld><transform2D x="13036.43297056294" y="14897.582923927726" scale="5.877930452297312" rotation="-2.449293598294705E-16"/></localToWorld><styleClasses><array><token value="title"/></array></styleClasses><text><text><width>-447.62109375</width><p><span><![CDATA[Result: Important variables for XGBoost]]></span></p></text></text></zText><zImage><assetSourceFilename><string value="QQ截图20170416200357.png"/></assetSourceFilename><height><double value="909"/></height><id><string value="39_251776839"/></id><localToWorld><transform2D x="12719.724374154832" y="15542.945770159777" scale="1.003663064875917" rotation="-2.4492935982947064E-16"/></localToWorld><onlineAssetId><string value="4761950079"/></onlineAssetId><onlineAssetUrl><string value="http://0103.static.prezi.com.s3.amazonaws.com/media/3/6/7/8ea915945231ffe02e4008864b340ded9bfe2.png"/></onlineAssetUrl><width><double value="1850"/></width></zImage><zText><id><string value="40_251776839"/></id><localToWorld><transform2D x="16573.12869781029" y="8199.173537015027" scale="4.763793840257198" rotation="-2.4492935982947074E-16"/></localToWorld><styleClasses><array><token value="body"/></array></styleClasses><text><text><width>-218.4609375</width><p><span color="5774208"><![CDATA[1. Top Damage]]></span></p><p><span color="5774208"><![CDATA[2. Top Assist]]></span></p><p><span color="5774208"><![CDATA[3. Support Damage]]></span></p><p><span color="5774208"><![CDATA[4. ADC Damage]]></span></p><p/></text></text></zText><zText><id><string value="41_251776839"/></id><localToWorld><transform2D x="17055.514769986024" y="11571.157537853473" scale="5.109444864653627" rotation="-2.449293598294708E-16"/></localToWorld><styleClasses><array><token value="body"/></array></styleClasses><text><text><width>-218.4609375</width><p><span color="5774208"><![CDATA[1. Support Damage]]></span></p><p><span color="5774208"><![CDATA[2. ADC Damage]]></span></p><p><span color="5774208"><![CDATA[3. Top Damage]]></span></p><p><span color="5774208"><![CDATA[4. Top Assist]]></span></p></text></text></zText><zText><id><string value="42_251776839"/></id><localToWorld><transform2D x="14369.120868651002" y="15384.662948758029" scale="4.745526022222132" rotation="-2.449293598294707E-16"/></localToWorld><styleClasses><array><token value="body"/></array></styleClasses><text><text><width>281.68203125</width><p><span color="5774208"><![CDATA[1.Support DamageTakon]]></span></p><p><span color="5774208"><![CDATA[2. ADC HeroDamage]]></span></p><p><span color="5774208"><![CDATA[3. Middle HeroDamage]]></span></p><p><span color="5774208"><![CDATA[4. Jungle Assist]]></span></p></text></text></zText><zSquare><height><double value="181.9530726153296"/></height><id><string value="50_251776839"/></id><localToWorld><transform2D x="14447.486255962049" y="4521.76649419042" scale="8.696202535285916" rotation="3.141592653589793"/></localToWorld><styleClasses><array><token value="poly5"/></array></styleClasses><width><double value="405.9983730281878"/></width></zSquare><zRectangleFrame><height><double value="600"/></height><id><string value="51_251776839"/></id><localToWorld><transform2D x="14447.562584336838" y="4525.223256315668" scale="2.337969441335458" rotation="-2.4492935982947074E-16"/></localToWorld><styleClasses><array><token value="roundrect"/></array></styleClasses><width><double value="1448.0446927374303"/></width></zRectangleFrame><zText><id><string value="53_251776839"/></id><localToWorld><transform2D x="14015.40868795891" y="4008.2151885577196" scale="5.8779304522973135" rotation="-2.449293598294705E-16"/></localToWorld><styleClasses><array><token value="title"/></array></styleClasses><text><text><width>-409.76953125</width><p><span><![CDATA[Result: Significant variables for GLM]]></span></p></text></text></zText><zLine><arcHeight><double value="-31.840240022448057"/></arcHeight><id><string value="54_251776839"/></id><localToWorld><transform2D x="13618.717348520293" y="2394.4202442875276" scale="14.22459169455961" rotation="0.6060805660359277"/></localToWorld><startEndDistance><double value="182.84718627111064"/></startEndDistance><styleClasses><array><token value="line2"/></array></styleClasses></zLine><zText><id><string value="56_251776839"/></id><localToWorld><transform2D x="14387.460469991558" y="4654.168303486907" scale="5.303611799822082" rotation="-2.449293598294708E-16"/></localToWorld><styleClasses><array><token value="body"/></array></styleClasses><text><text><width>-364.93359375</width><p><span color="5774208"><![CDATA[Top: DamageToken & Damge  ]]></span></p><p><span color="5774208"><![CDATA[Middle: Damage & HeroDamage]]></span></p><p><span color="5774208"><![CDATA[Jungle: Assist & Damage]]></span></p><p><span color="5774208"><![CDATA[ADC: Damage & Death]]></span></p><p><span color="5774208"><![CDATA[(attack damage carry)]]></span></p><p><span color="5774208"><![CDATA[Support: Heal & Damage]]></span></p></text></text></zText><zLine><arcHeight><double value="22.535427935031866"/></arcHeight><id><string value="57_251776839"/></id><localToWorld><transform2D x="15006.466854996514" y="6456.140497757819" scale="14.224591694559603" rotation="0.9943482561397441"/></localToWorld><startEndDistance><double value="129.79179184822578"/></startEndDistance><styleClasses><array><token value="line2"/></array></styleClasses></zLine><zLine><arcHeight><double value="16.21905031759195"/></arcHeight><id><string value="58_251776839"/></id><localToWorld><transform2D x="16030.240040699597" y="9916.715200543404" scale="14.224591694559603" rotation="-1.7372375895851135"/></localToWorld><startEndDistance><double value="-81.31044250308142"/></startEndDistance><styleClasses><array><token value="line2"/></array></styleClasses></zLine><zLine><arcHeight><double value="28.521800529920824"/></arcHeight><id><string value="59_251776839"/></id><localToWorld><transform2D x="14827.098361243981" y="13640.07818177743" scale="14.224591694559594" rotation="-0.5972145411854365"/></localToWorld><startEndDistance><double value="-227.7845728773568"/></startEndDistance><styleClasses><array><token value="line2"/></array></styleClasses></zLine><zText><id><string value="60_251776839"/></id><localToWorld><transform2D x="8255.84005469114" y="13614.44712604126" scale="17.26679907942202" rotation="-2.449293598294707E-16"/></localToWorld><styleClasses><array><token value="body"/></array></styleClasses><text><text><width>-117.890625</width><p><span><![CDATA[Thank You]]></span></p></text></text></zText><zInvisibleFrame><height><double value="600"/></height><id><string value="61_251776839"/></id><localToWorld><transform2D x="9810.971045227709" y="-2136.4190042414616" scale="2.9568986021042356" rotation="-2.449293598294707E-16"/></localToWorld><styleClasses><array><token value="invisible"/></array></styleClasses><width><double value="1206.0518731988473"/></width></zInvisibleFrame><zInvisibleFrame><height><double value="600"/></height><id><string value="62_251776839"/></id><localToWorld><transform2D x="8279.132965585892" y="13808.100663986907" scale="4.082843589338723" rotation="-2.449293598294707E-16"/></localToWorld><styleClasses><array><token value="invisible"/></array></styleClasses><width><double value="1206.0518731988473"/></width></zInvisibleFrame><zText><id><string value="63_251776839"/></id><localToWorld><transform2D x="-10625.902055780152" y="-11016.058041709888" scale="46.89893994541889" rotation="0"/></localToWorld><styleClasses><array><token value="title"/></array></styleClasses><text><text><width>-142.6640625</width><p><span><![CDATA[Linhai Zhang]]></span></p><p><span><![CDATA[Wen Huang]]></span></p><p><span><![CDATA[Jiacheng Xu]]></span></p><p><span><![CDATA[Zong Guo]]></span></p><p><span><![CDATA[Yilun Chen]]></span></p></text></text></zText><zText><id><string value="65_251776839"/></id><localToWorld><transform2D x="10125.765881939822" y="2349.486878153909" scale="3.6324227516182637" rotation="-2.449293598294708E-16"/></localToWorld><styleClasses><array><token value="body"/></array></styleClasses><text><text><width>867.35</width><p><span><![CDATA[PS： The result in most of the papers are about 52~57% and the best one can achieve 67% using the information after the 1st 10 minutes of the game, but what's the meaning to predict the result when the game have already started for 10 minute?]]></span></p></text></text></zText><zText><id><string value="66_251776839"/></id><localToWorld><transform2D x="8661.400054909318" y="-660.8380719653322" scale="4.149682200416462" rotation="-2.4492935982947084E-16"/></localToWorld><styleClasses><array><token value="title"/></array></styleClasses><text><text><width>-202.944</width><p><span><![CDATA[For champion based]]></span></p></text></text></zText></array></zObjects></prezi>